singkatan;original
7an;tujuan
@;di
aamiin;amin 
ababil;abg labil
abis;habis
acc;accord
ad;ada
adek;adik 
adlah;adalah
adlh;adalah
adoh;aduh
aer;air 
afaik;as far as i know
aha;tertawa
ahaha;haha
ahokncc;ahok
aing;saya
aiskrim;es krim 
aj;saja
aja;saja
ajah;saja 
ajalah;saja 
aje;saja 
ajep-ajep;dunia gemerlap
ajh;saja 
ajj;saja
ak;saya
aka;dikenal juga sebagai
akhirx;akhirnya
akika;aku
akko;aku
akkoh;aku
akku;aku
akoh;saya
aku;saya
akutu;saya
akuwh;aku
akyu;aku
alay;norak
alesan;alasan 
aljasa;asal jadi saja
alow;halo
ama;sama
amaca;ah masa
ambilin;ambilkan
ambl;ambil
amuh;kamu
analisise;analisis
ancur;hancur
ane;saya 
anget;hangat 
anjeng;anjing 
anjir;anjing
anjrit;anjing
ank;anak
anter;antar
ap;apa
ap2;apa-apa
apaan;apa
apah;apa 
apasih;apa sih
ape;apa
apes;sial
aph;apa
aplot;unggah
apo;apa 
apose;apa
aps;apa
apva;apa
apz;apa
aq;saya
aqu;aku
aquwh;aku
artine;artinya 
asap;sesegera mungkin
asbun;asal bunyi
aseek;asyik
aseekk;asyik
asek;asyik
asekk;asyik
aseknya;asyiknya
asem;asam
asoy;asyik
aspal;asli tetapi palsu
astrojim;astagfirullahaladzim
astul;asal tulis
ath;kalau begitu
ati2;hati-hati 
atit;sakit 
ato;atau
atu;satu 
atuh;kalau begitu
atw;atau 
au ah;tidak mau tahu
ava;avatar
awak;saya
aws;awas
ay;sayang
ayang;sayang
ayank;sayang
ayok;ayo
ayuk;ayo 
b4;sebelum
babang;abang
bacot;banyak bicara
bae;baik 
bais;habis
bakalan;akan
bales;balas
bandes;bantuan desa
bandingin;bandingkan 
bangdes;pembangunan desa
bangedh;banget
banget;sekali 
bangett;sangat 
bangkotan;tua
banpol;bantuan polisi
banpres;bantuan presiden
banpur;bantuan tempur
bansarkas;bantuan sarana kesehatan
banyakin;perbanyak 
barengan;bersamaan 
baryaw;sabar ya
basbang;basi
baso;bakso 
bay;selamat tinggal
bazis;"badan amal; zakat; infak; dan sedekah"
bbrp;beberapa 
bc;baca 
bcanda;bercanda
bcoz;karena
bcs;bisa 
bct;bicara 
bdan;badan 
bdg;bandung
bdn;badan 
beb;sayang
becanda;bercanda 
bedua;berdua 
begajulan;nakal
bego;bodoh 
bejibun;banyak
bekel;bekal 
beliin;belikan
belom;belum
belon;belum 
benarjujur;jujur
bencong;banci
bener;benar
bener2;benar-benar 
beneran;benar 
bentar;sebentar
ber2;berdua
ber3;bertiga
berantem;bertengkar 
berdikari;berdiri di atas kaki sendiri
berenti;berhenti 
beresin;membereskan
besoq;besok
bet;banget
bete;bosan
beti;beda tipis
beud;banget
beut;banget
bg;abang
bgd;banget
bget;sangat 
bgini;begini 
bgitu;begitu 
bgks;bungkus 
bgm;bagaimana 
bgmn;bagaimana
bgn;bangun 
bgni;begini 
bgntdr;bangun tidur 
bgs;bagus
bgt;banget
bgtu;begitu 
bgus;bagus 
bhay;selamat tinggal
bhn;bahan 
bhs;bahas 
bhubu;tidur
bhw;bahwa 
bhy;bahaya 
bijimane;bagaimana
bimbuluh;bimbingan dan penyuluhan
bintal;bimbingan mental
bisaa;bisa 
bisi;kalau-kalau
bisya;bisa
biza;bisa
bj;baju 
bju;baju 
bk;buku 
bkan;bukan 
bkin;bikin 
bkl;akan
bkn;bukan
bknnya;bukannya
bkr;bakar 
bks;bungkus 
bl;beli
blajar;belajar 
blegug;bodoh
blg;bilang
blh;boleh
bli;beli 
blik;balik 
bljr;belajar 
blk;balik 
blkg;belakang 
blkng;belakang 
blkngny;belakangnya 
blm;belum
bln;bulan
blng;bilang 
blngn;bilang 
blom;belum 
bls;balas
blum;belum
bnchi;benci
bnci;benci
bndg;bandung 
bndr;bandar 
bner;benar 
bneran;benar 
bnget;sangat 
bngks;bungkus 
bngng;bingung 
bngt;sangat 
bngun;bangun 
bngung;bingung
bnr;benar 
bnran;yang benar
bnrbnr;benar-benar 
bnrn;benar 
bntar;sebentar 
bntr;sebentar 
bnyak;banyak 
bnyk;banyak
bnykny;banyaknya 
bobo;tidur 
bobok;tidur 
bodor;lucu
bohay;badan aduhai
bokap;ayah
bokep;porno
boker;buang air besar
bokin;pacar
bokis;bohong
bole;boleh
boljug;boleh juga
bolot;bodoh
bonek;bocah nekat
bonyok;ayah ibu
boong;bohong 
bosen;bosan 
boyeh;boleh
bpk;bapak
br;baru
brani;berani 
brapa;berapa 
brarti;berarti 
brasa;berasa 
brb;segera kembali
brg;bareng
brgkt;berangkat 
brhsl;berhasil 
brjln;berjalan 
brkfst;breakfast 
brmslh;bermasalah 
brngkt;berangkat
bro;saudara laki-laki
brp;berapa
brpa;berapa 
brrti;berarti 
brs;beres 
brshbt;bersahabat 
brsm;bersama 
brthn;bertahan 
brtmn;berteman 
bru;baru
brur;saudara laki-laki
bs;bisa
bsa;bisa
bsen;bosan
bsk;besok
bsok;besok 
bsoq;besok
bsr;besar 
bt;buat
btg;batang 
bth;butuh 
btl;betul 
btul;betul 
btw;ngomong-ngomong
bu_bu;tidur
buad;buat 
buangbuang;buang
buatin;buatkan 
buaya;tidak setia
bubarin;bubarkan
bubbu;tidur
buber;buka bersama
bubu;tidur
bucin;budak cinta
bujubune;luar biasa
bulcit;omong kosong
bumil;ibu hamil
buser;buru sergap
bw;bawa
bwa;bawa 
bwh;bawah 
bwhn;bawahan
bwt;buat
byar;bayar
byk;banyak
bynk;banyak 
byr;bayar
byrin;bayarkan
c8;chat
cabal;sabar
cabut;pergi
cadas;keren
caem;cakep
caiank;sayang
cakep;cakap 
calo;makelar
cama-cama;sama-sama
can;belum
cangcut;celana dalam
capcus;pergi
cape;capek
capek;capai 
caper;cari perhatian
catet;catat 
caur;jelek
cb;coba
ce;cewek
cekak;tidak ada uang
cekal;cegah tangkal
cekidot;coba lihat
cekola;sekolah
cekolah;sekolah
celalaw;selalu
celalu;selalu
cemen;penakut
cemplungin;cemplungkan
cemungudh;semangat
cemungut;semangat
cemunguth;semangat
cengengesan;tertawa
ceper;pendek
cepet;cepat
ceu;kakak perempuan
cew;cewek
cewe;cewek
chuyunk;sayang
cibuk;sibuk
cibuq;sibuk
cimeng;ganja
cin;cinta
cini;sini
cipika cipiki;cium pipi kanan cium pipi kiri
ciye;cie
ciyh;sih
ciyus;serius
ckck;ck
ckepp;cakep
ckp;cakep
ckrg;sekarang 
ckup;cukup 
clbk;cinta lama bersemi kembali
cll;selalu
cllu;selalu
cllw;selalu
cm;cuma 
cma;cuma 
cman;hanya 
cmiiw;correct me if i'm wrong
cmn;hanya 
cmpk;cempaka 
cmpr;campur
cmpur;campur
cnenk;senang
cobaa;coba 
coeg;jancuk 
cong;banci
congor;mulut
conlok;cinta lokasi
cow;cowok
cowo;cowok 
cowwyy;maaf
coz;karena
cp;siapa
cpa;siapa
cpat;cepat 
cpe;capek
cpee;capek
cpet;cepat 
cppe;capek
cpt;cepat 
cptn;cepatan 
crt;cerita 
cth;contoh 
cucok;cocok
cuex;cuek
cug;jancuk 
cuk;jancuk 
cuman;hanya
cumi;Cuma miscall
cungguh;sungguh 
cups;culun
curanmor;pencurian kendaraan bermotor
curcol;curahan hati colongan
cw;cewek 
cwe;cewek 
cwek;cewek
cwo;cowok 
cyang;sayang 
cyin;cinta
d;di
dah;deh
dalem;dalam 
dapa;ada apa
dapah;ada apa
dapet;dapat
dapetin;mendapatkan 
dateng;datang 
dberkahi;diberkahi 
dblg;dibilang 
dblkng;dibelakang 
dbls;dibalas 
dbwt;dibuat 
dbyr;dibayar 
de;adik
dek;adik
demen;suka
denger;dengar 
deres;deras 
deyh;deh
dftr;daftar 
dg;dengan 
dgn;dengan
dgr;dengar 
dgrn;dengarin 
dh;deh 
diancurin;dihancurkan
didenger;didengar 
didengerin;didengarkan 
diem;diam 
dijadiin;dijadikan 
dikit;sedikit 
dimaafin;dimaafkan
dimance;dimana
dimandose;dimana
dimans;dimana
dimintak;diminta
dipake;dipakai 
dipendem;dipendam 
dirmh;di rumah 
disono;di sana
ditemenin;ditemani 
djkt;di jakarta 
djl;di jalan 
djln;di jalan 
dkat;dekat 
dket;dekat
dkk;dan kawan-kawan
dkls;di kelas 
dkmps;di kampus 
dkmr;di kamar 
dkntr;di kantor 
dksh;dikasih 
dkt;dekat 
dl;dulu 
dll;dan lain-lain
dlm;dalam 
dlrng;dilarang 
dlu;dulu
dluan;duluan 
dmana;dimana 
dmkn;dimakan 
dmn;dimana 
dmna;dimana 
dmnmn;dimana-mana 
dmny;dimananya 
dng;dengan 
dngar;dengar 
dnger;dengar 
dngerin;dengar 
dngn;dengan
dngr;dengar 
doang;saja 
doank;saja 
dodol;bodoh
doku;uang
dongs;dong
donlot;download 
doyan;suka 
dpan;depan 
dpet;dapat 
dpk;depok 
dpkrkn;dipikirkan 
dpn;depan 
dpnrmh;depan rumah 
dpt;dapat
dr;dari 
drg;dokter gigi 
drh;darah 
dri;dari
drmh;di rumah 
drmn;darimana
drpd;daripada 
drtd;dari tadi
drumah;di rumah
dsb;dan sebagainya
dsblh;di sebelah
dsini;disini 
dsklh;di sekolah
dsni;di sini
dst;dan seterusnya
dtg;datang
dtgny;datangnya 
dtmbh;ditambah 
dtmpt;di tempat
dtng;datang 
duh;aduh
duluw;dulu
duren;durian
dy;dia 
ea;ya
ed;edisi
eeq;feses 
egp;emang gue pikirin
eke;aku
elo;kamu 
elu;kamu
emang;memang 
emangnya;memangnya
emank;memang 
emg;memang 
emng;memang
endak;tidak
engga;tidak 
enggak;tidak
enk;enak 
entar;nanti 
ente;anda 
envy;iri
eps;episode 
eteb;bosan
eug;saya
ex;mantan
faham;paham 
faktakta;fakta
fav;favorit
fave;favorit
fax;facsimile
fb;facebook 
fifo;first in first out
folbek;follow back
fyi;sebagai informasi
g;tidak
ga;tidak 
gaada;tidak ada uang
gabisa;tidak bisa
gaboleh;tidak boleh
gabut;menganggur
gada;tidak ada
gaenak;tidak enak
gag;tidak
gajadi;tidak jadi
gaje;tidak jelas
gajelas;tidak jelas
gak;tidak 
gak papa;tidak apa-apa
gakuat;tidak kuat
gakz;tidak
galo;galau 
gamasuk;tidak masuk
gamau;tidak mau
gan;juragan
gantengsaya;ganteng
gapake;tidak pakai
gapapa;tidak apa-apa
gapernah;tidak pernah
gaptek;gagap teknologi
gapunya;tidak punya
garem;garam 
gasuka;tidak suka
gatau;tidak tahu
gataw;tidak tahu
gatek;gagap teknologi
gatel;gatal 
gausah;tidak usah
gawe;kerja
gblk;goblok
gbr;gambar 
gbs;tidak bisa
gdg;gudang 
gebetan;orang yang disuka
geje;tidak jelas
gembel;jelek 
gengges;ganggu
gepeng;gelandangan dan pengemis
ghiy;lagi
gi;lagi
gilak;gila 
gile;gila
gimana;bagaimana
gino;gigi nongol
githu;gitu
gitu;begitu 
gituan;begitu 
gituh;begitu 
gituin;itu 
gj;tidak jelas
gk;tidak 
gmana;bagaimana
gmbr;gambar 
gmn;bagaimana 
gmna;bagaimana 
gmpg;gampang 
gmpng;gampang 
gn;begini
gni;begini 
gnti;ganti 
goblok;bodoh
gokil;gila
golput;golongan putih
gombal;suka merayu
gowes;mengayuh sepeda
gpl;tidak pakai lama
gpny;tidak punya
gpp;tidak apa-apa
gprnh;tidak pernah
gr;gede rasa
gr2;gara-gara 
gratisan;gratis 
gretong;gratis
gretongan;gratisan
gt;begitu
gtau;tidak tahu
gtu;begitu 
gtw;tidak tahu
gua;saya
gue;saya
guoblok;goblok
guys;teman-teman
gw;saya
gws;cepat sembuh
gx;tidak
ha;tertawa
hadeh;aduh 
haghaghag;tertawa
haha;tertawa
hakhak;tertawa
hallow;halo
handak;bahan peledak
hankam;pertahanan dan keamanan
hansip;pertahanan sipil
hapal;hafal
happy;bahagia
haqq;hakiki 
hardcore;keras
hargain;hargai 
harini;hari ini
hbd;happy birthday
hbis;habis 
hbng;hubungi 
hbs;habis 
hbskn;habiskan 
hehe;he
hellow;halo
helo;halo
helow;halo
heters;pembenci
hey;hai
hi;hai
hlg;hilang 
hlm;halaman
hlmn;halaman 
hlng;hilang
hny;hanya
hnya;hanya
hoax;isu bohong
houm;rumah
hqq;hakiki 
hr;hari
hrg;harga 
hrgny;harganya 
hri;hari 
hrs;harus
hrsny;harusnya 
hrus;harus
hti;hati 
hubad;hubungan angkatan darat
hubdar;perhubungan darat
hubla;perhubungan laut
huff;mengeluh
huft;mengeluh
hum;rumah
humas;hubungan masyarakat
hums;rumah
humz;rumah
huum;iya
idiiot;idiot 
idk;saya tidak tahu
idup;hidup
ikon;lambang
ilang;hilang
ilfeel;tidak suka
ilfil;tidak suka
ily;saya cinta kamu 
imba;jago sekali
imho;in my humble opinion
imoet;imut
imoetz;imut
info;informasi
inget;ingat 
ingetin;ingatkan 
ingt;ingat 
isengin;bercanda
ista;nista
istaa;nista
istrht;istirahat 
item;hitam
itumah;itu 
itung;hitung
itungan;hitungan
ituu;itu 
iy;iya 
iyach;iya
iyain;mengiyakan 
iyala;iya lah
iyap;iya
iyapz;iya
iye;iya
iyo;iya
iyoo;iya 
iyup;iya
iyupz;iya
ja;saja
jablay;jarang dibelai
jadiin;jadi
jadul;jaman dulu
jadull;jadul 
jaim;jaga image
jamber;jam berapa
jancoeg;jancuk 
jancuk;anjing
jatoh;jatuh 
jawabanya;jawabannya 
jayus;tidak lucu
jd;jadi
jdi;jadi
jdikan;jadikan
jdny;jadinya 
jdnya;jadinya 
jdwl;jadwal 
jem;jam
jentelmen;berani
jg;juga
jga;juga
jgan;jangan 
jglh;jagalah 
jgn;jangan
jgnjgn;jangan-jangan 
jgnkan;jangankan
jijay;jijik
jing;anjing 
jink;anjing 
jir;anjing
jk;jika 
jkrt;jakarta 
jkt;jakarta
jl;jalan 
jln;jalan
jm;jam 
jmbtn;jembatan 
jml;jumlah 
jmlh;jumlah 
jmpt;jemput 
jmt;jumat 
jng;jangan 
jngan;jangan 
jngn;jangan 
jnj;janji
jomblo;tidak punya pacar
jpn;jepang 
jrg;jarang 
jrng;jarang 
jth;jatuh
jubir;juru bicara
jurdil;jujur adil
jutek;galak
jwb;jawab
jwbn;jawaban 
jwbny;jawabannya 
k;ke
ka;kakak
kab;kabupaten
kabag;kepala bagian
kabor;kabur
kacian;kasihan
kacrut;kacau
kadit;kepala direktorat
kadiv;kepala divisi
kaga;tidak
kagak;tidak
kaka;kakak
kalee;kali 
kaleyan;kalian
kalo;kalau
kalu;kalau
kampret;sialan
kamsud;maksud 
kamtib;keamanan dan ketertiban
kamtibmas;keamanan dan ketertiban masyarakat
kamuh;kamu
kamuwh;kamu
kamyu;kamu
kanwil;kantor wilayah
kaos/mug/jaket; 
kapt;kapten
karna;karena
karoke;karaoke 
kasat;kepala satuan
kasian;kasihan 
kasubbag;kepala subbagian
kasubbid;kepala subbidang
katrok;kampungan
kau;kamu
kayak;mirip 
kayanya;kayaknya
kbar;kabar
kbnykn;kebanyakan 
kbr;kabar
kbtln;kebetulan 
kbykn;kebanyakan 
kcian;kasihan
kdg;kadang 
kdng;kadang 
kdpn;ke depan
kdu;harus
kebawa;terbawa 
keburu;terlanjur
kec;kecamatan
kecakepan;kecakapan 
kedubes;kedutaan besar
kejurnas;kejuaraan nasional
kek;seperti
kekeuh;keras kepala
keknya;kayaknya
kel;kelurahan
kelaperan;kelaparan 
kelar;selesai 
keles;kali
keliatan;kelihatan
kemaren;kemarin
kenapah;kenapa
kenape;kenapa 
kenaps;kenapa
kenapz;kenapa
kenceng;kencang 
keneh;masih
kentot;senggama
kepengen;mau
kepikiran;terpikirkan
kepingin;mau
kepngn;ingin 
kepo;mau tahu urusan orang
kepsek;kepala sekolah
kere;tidak punya uang
kerikil;kerikil 
kesampean;kesampaian 
kesbang;kesatuan bangsa
kesel;kesal 
kesian;kasihan
kesra;kesejahteraan rakyat
ketauan;ketahuan
ketawa;tertawa 
ketrima;diterima
keujanan;kehujanan 
keukeuh;keras kepala
keyen;keren
kga;tidak 
kgak;tidak 
kgiatan;kegiatan
kgk;tidak 
khabar;kabar 
khan;kan
khanz;kan
khsny;khususnya 
khwtr;khawatir 
kibul;bohong
kibus;kaki busuk
kimpoi;kawin
kirimin;kirimkan 
kite;kita 
kk;kakak
kl;kalau
klau;kalau 
klh;kalah 
kli;kali 
klian;kalian
klianz;kalian
klmpk;kelompok 
klo;kalau
kloter;kelompok terbang
klp;kelompok 
kls;kelas 
klu;kalau 
kluar;keluar 
kluarga;keluarga
klw;kalau
klwrga;keluarga
km;kamu
kmaren;kemarin 
kmari;kemari
kmi;kami 
kmn;kemana 
kmna;kemana 
kmpret;kampret 
kmps;kampus
kmpus;kampus
kmr;kamar 
kmren;kemarin 
kmrin;kemarin 
kmrn;kemarin
kmu;kamu 
kn;kan
kna;kena 
knal;kenal
knapa;kenapa 
kngen;kangen 
knl;kenal
knp;kenapa
knpa;kenapa
kntr;kantor 
knyng;kenyang 
koar;teriak
kodya;kota madya
kog;kok
komdis;komisi disiplin
kompi;komputer
komsov;komunis sovyet
komtiong;komunis Tiongkok
kongkow;kumpul bareng teman-teman
konjen;konsulat jenderal
konsen;konsentrasi 
kopdar;kopi darat
koq;kok
korup;korupsi
kosan;kost 
kowe;kamu 
kpala;kepala 
kpan;kapan 
kpd;kepada
kpgn;ingin 
kpn;kapan
kpngn;ingin 
kptsan;keputusan
krenz;keren
krg;kurang 
krik;garing
krikil;kerikil 
krja;kerja 
krm;kirim
krmh;ke rumah
krn;karena
krna;karena 
krng;kurang 
krupuk;kerupuk 
ksh;kasih 
ksian;kasihan 
ksih;kasih 
ksmptn;kesempatan 
ksn;kesana 
kt;kita
kta;kita 
ktauan;ketahuan
ktdrn;ketiduran 
ktemu;ketemu 
ktipu;tipu
ktmpt;ke tempat
ktmu;ketemu
ktny;katanya
ktnya;katanya 
ktr;kantor
kudu;harus
kuper;kurang pergaulan
kuq;kok
kurng;kurang
kuy;ayo
kw;imitasi
ky;seperti
kyak;seperti 
kyaknya;sepertinya 
kyanya;sepertinya 
kyk;seperti
kykny;kayanya
kyknya;sepertinya 
kyny;sepertinya 
kzl;kesal 
la;lah
laen;lain 
laff;cinta
lagian;lagi 
laka;kecelakaan
lam;salam
lambreta;lambat
lamp;lampiran
lansia;lanjut usia
lanud;landasan udara
lapas;lembaga pemasyarakatan
laper;lapar 
latgab;latihan gabungan
lb;lembar 
lbh;lebih 
lbih;lebih 
lbur;libur
lebay;berlebihan
leh;boleh
lekong;laki-laki
lelaahh;lelah 
lelet;lambat
lemes;lemas 
lemot;lambat
less;kurang
lg;lagi
lgi;lagi
lgkp;lengkap
lgs;langsung 
lgsg;langsung
lgsng;langsung 
lgsung;langsung 
lht;lihat
liat;lihat
liatin;lihat 
light;terang
linmas;perlindungan masyarakat
litbang;penelitian dan pengembangan
lm;lama 
lmyan;lumayan
lmyn;lumayan
lngkp;lengkap
lngsg;langsung 
lngsng;langsung 
lngsung;langsung 
lnjt;lanjut 
lnsg;langsung 
lnsng;langsung 
lo;kamu
loch;loh
loe;kamu
lol;tertawa
lola;lambat berfikir
lom;belum
louph;cinta
loupz;cinta
lov;cinta
love;cinta
low;kalau
lowh;kamu
lp;lupa
lpngn;lapangan 
lpr;lapar 
lsg;langsung 
lu;kamu
luber;"langsung; umum; bebas; dan rahasia"
luchu;lucu
luchuw;lucu
luff;cinta
lum;belum
lun;belum
luph;cinta
luthu;lucu
luv;cinta
lvl;level 
lw;kamu
lwn;lawan
lwt;lewat
maaci;terima kasih
maacih;terima kasih
maaciw;terima kasih
maap;maaf
mabal;bolos
mabes;markas besar
macem;macam
macem-macem;macam-macam
macih;masih
madesu;masa depan suram
maem;makan
maen;main
magabut;makan gaji buta
mager;malas bergerak
mahatma;maju sehat bersama
maho;homo
mak;ibu
mak jang;kaget
makaci;terima kasih
makana;karena itu
makasi;terima kasih
makasih;terima kasih
makasihhh;terima kasih
make;pakai 
makn;makan 
maksain;memaksa
malah;bahkan
malem;malam
malem2;malam-malam 
malming;malam minggu
malu2in;memalukan
mam;makan
mamah;mama 
mamam;makan 
mampet;mampat 
mamz;makan
mane;mana 
maneh;kamu
manggil;panggil 
manies;manis
maniez;manis
mano;mana 
mantep;mantap
mao;mau
markus;makelar kasus
masakin;masakan 
masukin;masukkan
masy;masyarakat
mateng;matang 
maw;mau
mba;mbak
mbual;bual
mcm;macam 
mct;macet 
mdg;lebih baik
mdgn;baikan 
mdh;mudah 
mdpt;mendapat 
melu;ikut
melulu;selalu 
mending;lebih baik
mendingan;lebih baik
menyempurnakan; 
mepet;dekat sekali
merhatiin;memperhatikan 
mesen;pesan 
mgkin;mungkin
mgkn;mungkin
mgu;minggu
mhn;mohon
mhs;mahasiswa 
mhsw;mahasiswa 
miapa;demi apa
miapah;demi apa
migas;minyak dan gas bumi
miker;minuman keras
mikirin;memikirkan 
mikol;minuman beralkohol
milih;pilih 
milis;mailing list
minjem;pinjam 
miras;minuman keras
misal'a;misalnya
mk;maka 
mka;maka 
mkan;makan 
mkanan;makanan 
mkanya;makanya 
mkn;makan 
mknan;makanan 
mkny;maka itu
mksd;maksud
mksdny;maksudnya 
mksdnya;maksudnya 
mksdq;maksudku 
mksh;terima kasih
mksih;terima kasih
mlah;malah
mlm;malam 
mls;malas
mmg;memang 
mn;mana 
mna;mana 
mndg;lebih baik
mndgn;lebih baik
mndgr;mendengar 
mndi;mandi 
mnding;lebih baik
mndptkn;mendapatkan 
mng;menang 
mngkn;mungkin
mnolak;tolak
mnrt;menurut 
mnsempurnakan; 
mnt;minta
mnta;minta 
mntp;mantap 
mnum;minum 
mnyakitiku;menyakitiku 
mnyngkn;menyenangkan 
mo;mau
moga;semoga 
moge;motor gede
mokad;mati
mokat;mati
moso;masa
mosok;masa
most;paling
mpe;sampai
mreka;mereka 
mrh;marah 
mrk;mereka 
ms;mas 
msg;masing 
msh;masih
msih;masih 
msk;masuk
mski;meski 
mskipun;meskipun 
mskn;masakan 
mskpn;meskipun
msl;misal 
mslh;masalah
msng2;masing-masing
msti;harus 
mt;makan teman
mu'uv;maaf
muahal;mahal
mubes;musyawarah besar
muke;muka 
muker;musyawarah kerja
mulu;melulu
mumet;pusing
mumpung;selagi
muna;munafik
munas;musyawarah nasional
munaslub;musyawarah nasional luar biasa
munfik;munafik
muntaber;muntah dan berak
musda;musyawarah daerah
musti;mesti
muup;maaf
muupz;maaf
muuv;maaf
mw;now watching
mz;mas
n;dan
nabung;tabung 
naek;naik 
nahan;tahan 
nak;anak
nal;kenal
nambah;tambah 
nanam;menanam
nangis;menangis
nanya;bertanya
naon;apa
napa;kenapa
napas;nafas 
nape;kenapa 
napi;narapidana
napol;narapidana politik
napza;"narkotika; alkohol; psikotropika; dan zat adiktif "
naq;anak
narkoba;"narkotika; psikotropika; dan obat terlarang"
narsis;bangga pada diri sendiri
nasgor;nasi goreng
nax;anak
nda;tidak
ndak;tidak
ndax;tidak
ndiri;sendiri
ndk;tidak 
ndut;gendut
ne;ini
negri;negeri 
nekolim;neokolonialisme
nekolin;neokolonialisme
nelen;telan 
nelfon;menelepon
nembak;menyatakan cinta
nemenin;menemani 
nemu;temu 
nengok;tengok 
next;lanjut
ngabis2in;menghabiskan
ngabuburit;menunggu berbuka puasa
ngabungin;menggabungkan
ngadain;mengadakan 
ngajak;mengajak 
ngajar;ajar 
ngak;tidak 
ngakak;tertawa
ngaku;mengaku
ngambek;marah
ngambil;mengambil
ngampus;pergi ke kampus
nganggur;tidak punya pekerjaan
nganter;antar 
nganterin;antar 
ngantri;mengantri
ngapah;kenapa
ngapain;sedang apa
ngarep;mengharap 
ngarepinnya;mengharapkannya 
ngaret;terlambat
ngaruh;berpengaruh
ngasi;kasih 
ngasih;memberikan
ngawur;berbicara sembarangan
ngebandel;berbuat bandel
ngebully;intimidasi
ngeceng;kumpul bareng-berang
ngegosip;bergosip
ngeh;sadar
ngehadepin;menghadapi 
ngehe;kesal
ngeklaim;mengklaim
ngekos;tinggal di kos
ngeksis;menjadi eksis
ngelamar;melamar
ngeles;berkilah
ngeliat;melihat
ngeliatin;melihat 
ngelidur;menggigau
ngeluh;keluh 
ngemeng;bicara terus-terusan
ngentotin;senggama
ngerampok;merampok
ngerasa;merasa 
ngerasain;merasakan 
ngerjain;mengerjakan 
ngerokok;merokok 
ngerti;mengerti
ngetik;ketik 
ngga;tidak
nggak;tidak
nggax;tidak
nggesek;menggesek
nggk;tidak 
nggosok;menggosok
ngibul;berbohong
ngidam;idam 
ngikut;ikut
ngikutin;ikuti 
ngilangin;menghilangkan 
ngiler;mau
nginep;menginap
ngingetin;mengingatkan 
ngiri;iri
ngisi;mengisi
ngisiin;mengisikan
ngjk;mengajak 
ngk;tidak 
ngmbl;mengambil 
ngmg;bicara
ngmng;bicara
ngmpl;berkumpul 
ngmps;ke kampus
ngntk;mengantuk 
ngntr;ke kantor
ngobatin;obati 
ngobrol;bicara 
ngocol;lucu
ngomong;bicara
ngomongin;membicarakan
ngrasain;merasakan 
ngubek2;mencari-cari
ngumpet;sembunyi
ngumpul;berkumpul
ngundurin;mengundurkan 
ngunyah;kunyah 
ngurus;mengurus
ni;ini
nich;ini
nie;ini
nih;ini
ninggalin;tinggalkan 
nipu;tipu
niyh;nih
nmbh;tambah 
nmenarik;menarik
nmny;namanya 
nmpk;nampak 
nmr;nomor
nnti;nanti 
nntn;nonton
nnton;nonton 
nobar;nonton bareng
nolak;tolak 
np;now playing
nraktir;traktir 
ntah;entah 
ntap;mantap
ntar;nanti
nti;nanti 
ntn;nonton
nton;nonton 
ntr;nanti 
ntu;itu 
numpuk;bertumpuk
nungguin;tunggu 
nutupin;menutupi
nyakiti;menyakiti 
nyakitin;menyakiti 
nyalain;nyalakan 
nyampe;sampai 
nyangka;sangka 
nyantai;santai 
nyari;mencari
nyariin;mencari
nyasar;tersesat
nyebelin;menyebalkan 
nyekar;menyekar
nyela;cela
nyembah;sembah
nyerang;serang
nyeremin;menyeramkan 
nyesek;sesak 
nyesel;menyesal 
nyetel;setel 
nyiapin;mempersiapkan
nyicil;mencicil
nyiksa;menyiksa 
nyiram;menyiram
nyoba;coba 
nyobain;coba 
nyoblos;mencoblos
nyok;ayo
nyokap;ibu
nyuci;cuci 
nyukur;cukur 
nyuruh;suruh 
nyusul;susul 
o/;oleh
oc;oke
oce;oke
ogah;tidak mau
ohh;oh
ok;ok
okedech;oke
okedeh;oke
okeh;baik 
okz;oke
ol;online
ongkir;ongkos kirim
oot;out of topic
org;orang 
org2;orang-orang
orng;orang 
ortu;orang tua
otda;otonomi daerah
otw;"on the way; sedang di jalan"
ouch;oh
ouh;oh
owh;oh
pacal;pacar
pait;pahit 
pake;pakai
pakek;pakai 
pala;kepala
pansus;panitia khusus
pantesan;pantas 
paranoid;takut
parpol;partai politik
parte;partai
pasutri;pasangan suami istri
paz;pas
pcr;pacar 
pcrn;pacaran 
pcrny;pacarnya 
pd;pada
pdahal;padahal 
pdhal;padahal 
pdhl;padahal 
pede;percaya diri
pedes;pedas 
pegi;pergi 
pelatnas;pemusatan latihan nasional
pemda;pemerintah daerah
pemkot;pemerintah kota
pemred;pemimpin redaksi
penertiban;tertib
pengen;ingin
penghianat;pengkhianat 
pengin;ingin 
penjas;pendidikan jasmani
perda;peraturan daerah
perhatiin;perhatikan
pesen;pesan 
pesenan;pesanan
pg;pergi 
pgang;pegang
pgen;ingin 
pgn;ingin 
pi;tapi
pilem;film 
pilkada;pemilihan kepala daerah
pingin;ingin 
pinjem;pinjam 
pinter;pintar 
pisan;sangat
pk;penjahat kelamin
pkai;pakai 
pke;pakai 
plg;paling
plis;tolong 
pljrn;pelajaran 
plng;pulang 
pmpuan;perempuan 
pmrnth;pemerintah
pndh;pindah 
pndukung;pendukung
pngen;ingin 
pngn;ingin 
pnjng;panjang 
pnting;penting 
pntng;penting 
pny;punya 
pnya;punya 
pokonya;pokoknya 
polantas;polisi lalu lintas
ponpes;pondok pesantren
pp;pulang pergi
praktek;praktik 
prasaan;perasaan 
prg;pergi
prgi;pergi 
priksa;periksa
prmhn;perumahan 
prmptn;perempatan 
prnah;pernah 
prnh;pernah
pro;profesional
problem;masalah
prthnkn;pertahankan 
psen;pesan
psg;pasang 
psn;pesan
psng;pasang 
psr;pasar 
pst;pasti
psti;pasti
pswt;pesawat
ptg;penting 
puanas;panas
punye;punya 
puter;putar 
puterin;putar 
pw;posisi nyaman
pzt;pasti
q;saya
qaqa;kakak
qmo;kamu
qmu;kamu
qq;kakak
qt;kita
qta;kita 
rada;agak 
rakor;rapat koordinasi
rame;ramai
rame2;ramai-ramai 
ranmor;kendaraan bermotor
rasane;rasanya 
raskin;rakyat miskin
rb;ribu 
re;reply
red;redaksi
ref;referensi
reg;register
rehab;rehabilitasi
rejeki;rezeki
reklamuk;reklamasi
rempong;sulit
renstra;rencana strategis
repp;balas
reskrim;reserse kriminal
restik;reserse narkotika
rhs;rahasia
rights;benar
rmbt;rambut 
rmh;rumah
rmhq;rumahku 
rsk;rusak 
ru;baru
rubahnn;rubah
ruko;rumah toko
rusunawa;rumah susun sewa
ruz;terus
sabeb;bebas
sabi;bisa
sadaar;sadar
saia;saya
saje;saja 
salfok;salah fokus
salting;salah tingkah
saltum;salah kostum
sambel;sambal 
samo;sama 
sampe;sampai
samsek;sama sekali
sans;santai 
sape;siapa 
sapose;siapa
sateny;satenya 
satpam;satuan pengamanan
sbb;sebagai berikut
sbg;sebagai 
sbh;sebuah
sbl;sebelah 
sblh;sebelah 
sblhny;sebelahnya 
sblm;sebelum 
sblmny;sebelumnya 
sbnr;sebenarnya 
sbnrny;sebenarnya
sbnrnya;sebenarnya 
sbnt;sebentar 
sbntr;sebentar 
sbr;sabar 
sbtr;sebentar 
scr;secara
sdah;sudah 
sdg;sedang 
sdgkn;sedangkan
sdh;sudah 
sdkt;sedikit
sdng;sedang 
sdngkn;sedangkan 
se7;setuju
sebel;kesal 
sebelas dua belas;mirip
sebenernya;sebenarnya 
sekola;sekolah 
selaw;santai
selow;sebentar 
semalem;semalam 
sembako;sembilan bahan pokok
sembuhin;sembuhkan 
sempet;sempat
sendratari;seni drama tari
senen;senin 
seneng;senang 
sept;september
serem;seram 
sesek;sesak
seterah;terserah 
seting;akting
setting;atur
sgala;segala 
sgini;segini 
sgitu;segitu 
sgt;sangat
shap;siap
shaps;siap
shbt;sahabat 
shg;sehingga
shiet;tahi 
shit;tahi 
siech;sih
sihat;sehat 
sikon;situasi dan kondisi
simiskin;miskin
sinetron;sinema elektronik
siramin;siramkan
sj;saja
sja;saja 
skali;sekali 
skalian;sekalian
skit;sakit 
sklh;sekolah
skola;sekolah 
skolah;sekolah 
skr;sekarang 
skrang;sekarang 
skrg;sekarang 
skrng;sekarang 
skt;sakit
slah;salah 
slalu;selalu 
slamat;selamat 
slesai;selesai
slg;saling 
slh;salah 
slhkn;salahkan 
sll;selalu
sllu;selalu 
slm;salam 
slma;selama
slmt;selamat 
sls;selesai 
slsai;selesai
sm;sama 
sma;sama
smangat;semangat 
smbg;sambung 
smbh;sembuh 
smbhyg;sembahyang 
smbil;sambil 
smbl;sambil 
smbng;sambung 
smbrg;sembarang 
smbuh;sembuh 
smcm;semacam 
smg;semoga 
smga;semoga 
smgt;semangat 
smlm;semalam 
smlmn;semalaman 
smngt;semangat 
smntr;sementara 
smoga;semoga 
smpai;sampai 
smpe;sampai 
smpt;sempat
smua;semua 
smuanya;semuanya 
smw;semua
sndiri;sendiri
sndri;sendiri 
sngt;sangat 
sni;sini
snyum;senyum 
soale;soalnya 
sodara;saudara 
sohib;teman
soljum;sholat jumat
solve;solusi
somse;sombong sekali
songong;sombong
sopo;siapa 
sorang;seorang 
sorry;maaf
sory;maaf
sosbud;sosial-budaya
sosek;sosial-ekonomi
sospol;sosial-politik
sotoy;sok tahu
sowry;maaf
spa;siapa
spd;sepeda
sperti;seperti 
spnjng;sepanjang 
sppa;siapa
sprt;seperti 
sprti;seperti
sprtny;sepertinya 
spt;seperti
sptny;sepertinya 
spy;supaya
srg;sering 
srtfkt;sertifikat
sseorg;seseorang 
stelah;setelah
stgh;setengah 
stiap;setiap
still;masih
stlh;setelah
stngh;setengah 
subbag;subbagian
sudh;sudah 
suk;masuk
sumbangin;sumbangkan
sumpek;sempit
sy;saya
sya;saya 
syantik;cantik
syg;sayang
sygku;sayangku 
sygny;sayangnya 
syipp;sip
syng;sayang 
syp;siapa
t4;tempat
tabanas;tabungan pembangunan nasional
tahi;kotoran
tai;tahi 
taik;tahi
tajir;kaya
tak;tidak
tamvan;tampan
tar;nanti
tau;tahu
tauk;tahu
taun;tahun
taunya;tahunya 
taw;tahu
tawh;tahu
td;tadi
tdi;tadi
tdk;tidak
tdny;tadinya 
tdr;tidur 
tdur;tidur 
te2p;tetap
teh;kakak perempuan
tekor;rugi
telat;terlambat
telkom;telekomunikasi
telmi;telat berpikir
telor;telur 
telp;telepon
telpon;telepon 
temen;teman
temen2;teman-teman
temenin;temani 
tengil;menyebalkan
tengok;menjenguk
tepar;terkapar
terbitin;terbitkan
tercyduk;terciduk
teriakk;teriak 
teros;terus 
tetep;tetap 
tgannya;tangannya 
tggu;tunggu
tgh;tengah 
tgl;tanggal
tgn;tangan 
tgs;tugas 
tgu;tunggu
thanks;terima kasih
thankz;terima kasih
thd;terhadap
thdp;terhadap 
thks;terima kasih
thn;tahun
thnx;terima kasih
thx;terima kasih
tida;tidak 
tilang;bukti pelanggaran
tilep;tilap
tioghoa;tionghoa
tipi;TV
tipiwan;TvOne
tirani;tiran
tkg;tukang
tks;terima kasih
tkut;tsayat 
tlg;tolong 
tlh;telah 
tll;terlalu
tlng;tolong 
tlp;telepon
tlpn;telepon
tls;tulis
tman;teman
tmbah;tambah
tmbh;tambah
tmen;teman 
tmen2;teman-teman
tmn;teman 
tmn2;teman-teman
tmpah;tumpah
tmpat;tempat 
tmph;tumpah
tmpt;tempat
tmsk;termasuk 
tnda;tanda
tngu;tunggu
tnh;tanah
tnp;tanpa 
tnpa;tanpa 
tny;ternyata 
tnya;tanya 
tnyt;ternyata 
tnyta;ternyata
togel;toto gelap
tokai;tai
toserba;toko serba ada
tp;tapi
tpi;tapi
tq;terima kasih
trdhulu;terdahulu
trdpt;terdapat 
tren;trend
trending;trend
trgntg;tergantung
trgntng;tergantung 
trima;terima kasih
trims;terima kasih
trimz;terima kasih
trjadi;terjadi 
trkdng;terkadang 
trkhr;terakhir 
trlalu;terlalu
trm;terima
trmksh;terima kasih
trmsk;termasuk 
trnsfr;transfer 
trnyata;ternyata 
trnyt;ternyata 
trs;terus
trsrh;terserah 
trus;terus 
trutama;terutama
ts;penulis
tsadeest;sadis
tsangka;tersangka
tsb;tersebut 
tsbt;tersebut 
tst;tahu sama tahu
ttep;tetap 
ttg;tentang
ttp;tetap 
tu;itu 
tuch;tuh
tuir;tua
tukeran;tukar 
tumben;tidak biasa
tw;tahu
u;kamu
uasai;kuasa
ubat;obat 
ud;sudah
uda;sudah 
udah;sudah
udd;sudah
udeh;sudah 
udh;sudah 
uga;juga
ujan2an;hujan-hujanan 
ujg;ujung
ul;ulangan
untk;untuk 
unyu;lucu
uplot;unggah
urang;saya
usah;perlu
utk;untuk
valas;valuta asing
von;telepon
w;saya
w/;dengan
wa;saya
wad;buat
wadir;wakil direktur
waduh;aduh 
wamil;wajib militer
wanjir;anjir 
warkop;warung kopi
warteg;warung tegal
waspadalah;waspada
wat;buat
watuk;batuk
wht;apa 
wkt;waktu
wktu;waktu 
wkwkkw;tertawa
wtf;what the fuck
xixixi;tertawa
y;ya
ya;iya
yaini;ya ini
yank;sayang 
yap;iya
yaudah;ya sudah
yaudh;ya sudah
yaw;ya
yawda;ya sudah
yawdah;ya sudah
yela;yailah 
yelah;yailah 
yg;yang
yl;yang lain
yng;yang 
yo;iya
yodah;ya sudah
yoi;iya
yowes;ya sudah
yup;iya
yups;ya
yupz;ya
ywdh;ya sudah
zonk;bodoh
